PRAGMA foreign_keys = ON;
BEGIN TRANSACTION;

INSERT INTO Campeonato (id_campeonato,ano,divisao) VALUES ('1',2021,'primeira'),
 ('2',2022,'primeira');
INSERT INTO EquipaArbitragem (id_equipa_arbitragem) VALUES ('1'),
 ('2'),
 ('3'),
 ('4');
INSERT INTO Arbitro (id_arbitro,numero_bi,estatuto,id_equipa_arbitragem) VALUES ('1',100000271,'categoria1','1'),
 ('2',100000272,'categoria1','1'),
 ('3',100000273,'categoria2','2'),
 ('4',100000274,'categoria2','2');
INSERT INTO Pessoa (numero_bi,nome,morada,data_de_nascimento) VALUES (10000000,'PEDRO VALDES','89 Parent St','28/08/2001'),
 (10000001,'ANDRE SOUSA','228 Deer Boulevard NW','29/08/2001'),
 (10000002,'JAKOB MIKKELSEN','179 Library Blvd','30/08/2001'),
 (10000003,'PEDRO CRUZ','141 Potato Lane','31/08/2001'),
 (10000004,'DIOGO OLIVEIRA','159 Tent Street S','01/09/2001'),
 (10000005,'NIKOLAJ LAESO','1758 Squirrel Avenue','02/09/2001'),
 (10000006,'RUI SILVA','5986 Market Boulevard NW','03/09/2001'),
 (10000007,'DAYMARO SALINA','197 Tree Avenue E','04/09/2001'),
 (10000008,'NIKOLA MITREVSKI','683 Water Avenue','05/09/2001'),
 (10000009,'IGNACIO JIMENEZ','575 Bun Ln','06/09/2001'),
 (10000010,'JACK THURIN','1625 Foot Blvd','07/09/2001'),
 (10000011,'LEONEL FERNANDES','287 Thread St','08/09/2001'),
 (10000012,'ANTONIO AREIA','413 Baby Street NW','09/09/2001'),
 (10000013,'MIGUEL ALVES','248 Boat Boulevard','10/09/2001'),
 (10000014,'SEBASTIAN FRANDSEN','135 Nest Blvd SW','11/09/2001'),
 (10000015,'FABIO MAGALHAES','509 Earthquake St SE','12/09/2001'),
 (10000016,'EDNEY SILVA','250 Acoustic Avenue N','13/09/2001'),
 (10000017,'EDMILSON ARAUJO','99 Shake Avenue','14/09/2001'),
 (10000018,'FRANCISCO COSTA','138 Lawyer Ln','15/09/2001'),
 (10000019,'NATAN SUAREZ','297 Slip Street','16/09/2001'),
 (10000020,'JONAS TIDEMAND','8130 Sugar Avenue SE','17/09/2001'),
 (10000021,'PATRYK WALCZAK','119 Dust St E','18/09/2001'),
 (10000022,'CARLOS RUESGA','119 Transport Blvd SE','19/09/2001'),
 (10000023,'SALVADOR SALVADOR','3826 Play Lane','20/09/2001'),
 (10000024,'MAMADOU GASSAMA','8909 Friction Blvd','21/09/2001'),
 (10000025,'FRANCISCO TAVARES','1728 Person Ln N','22/09/2001'),
 (10000026,'MANUEL GASPAR','5724 Power Blvd','23/09/2001'),
 (10000027,'JENS SCHONGARTH','342 Ladybug Ln E','24/09/2001'),
 (10000028,'ETIENNE MOCQUAIS','799 Digestion Lane SW','25/09/2001'),
 (10000029,'LEONEL MACIEL','2642 Cable Lane','26/09/2001'),
 (10000030,'JOSEP FOLQUES','7402 Downtown St NW','27/09/2001'),
 (10000031,'MARTIM COSTA','3668 Zucchini Blvd SW','28/09/2001'),
 (10000032,'ADAM JUHASZ','844 Skate Ln S','29/09/2001'),
 (10000033,'JONAS KALLMAN','554 Avocado Boulevard','30/09/2001'),
 (10000034,'BELONE MOREIRA','512 Cake Street S','01/10/2001'),
 (10000035,'PAULO MORENO','925 Umbrella Lane','02/10/2001'),
 (10000036,'NIKOLA ZORIC','699 Swing St SE','03/10/2001'),
 (10000037,'CARLOS MARTINS','5371 Bushes St','04/10/2001'),
 (10000038,'ALEXIS BORGES','2012 Lamp Avenue SE','05/10/2001'),
 (10000039,'OLE RAHMEL','965 Maid Boulevard','06/10/2001'),
 (10000040,'ANDER IZQUIERDO','620 Bath Ln SW','07/10/2001'),
 (10000041,'SERGEY HERNANDEZ','640 Basin St N','08/10/2001'),
 (10000042,'ARNAUD BINGO','163 Pickle Ln SW','09/10/2001'),
 (10000043,'DEMIS GRIGORAS','935 Language Street SE','10/10/2001'),
 (10000044,'TADEJ KLJUN','5089 Society Boulevard','11/10/2001'),
 (10000045,'LUCIANO SILVA','6937 Pie Avenue','12/10/2001'),
 (10000046,'PETAR DJORDJIC','351 Vegetable Boulevard','13/10/2001'),
 (10000047,'VLADIMIR VRANJES','2892 Watermelon St','14/10/2001'),
 (10000048,'DIOGO VALERIO','275 Pistachio Street W','15/10/2001'),
 (10000049,'ANTONIO REMUS','7410 Soda Boulevard','16/10/2001'),
 (10000050,'DELCIO PINA','133 Person Blvd W','17/10/2001'),
 (10000051,'VICTOR SANDOVAL','79 History Ave W','18/10/2001'),
 (10000052,'TOMAS ABREU','3887 Cracker St','19/10/2001'),
 (10000053,'RODRIGO TAVARES','843 Badge Blvd NE','20/10/2001'),
 (10000054,'RUBEN RIBEIRO','1720 Jelly St','21/10/2001'),
 (10000055,'JOAO MACEDO','8859 Kettle Avenue NW','22/10/2001'),
 (10000056,'MARCO PESTANA','5149 Paint Ln','23/10/2001'),
 (10000057,'ALFREDO TORRES','7565 Print Avenue S','24/10/2001'),
 (10000058,'RADULE RADULOVIC','1851 Advertisement Lane SE','25/10/2001'),
 (10000059,'GUILHERME TAVARES','2142 Ball Boulevard W','26/10/2001'),
 (10000060,'NUNO SILVA','886 Part Blvd NW','27/10/2001'),
 (10000061,'ELIAS ANTONIO','985 Crib Ln','28/10/2001'),
 (10000062,'NUNO REIS','7520 Adjustment Blvd W','29/10/2001'),
 (10000063,'TIAGO MARTINS','8741 Ant Ave','30/10/2001'),
 (10000064,'PEDRO PENEDA','139 Bed Boulevard','31/10/2001'),
 (10000065,'JOAO GOMES','5438 Turn Street NW','01/11/2001'),
 (10000066,'ELDIN VRAZALICA','543 Eggnog Boulevard','02/11/2001'),
 (10000067,'JOAO FERNANDES','350 Servant Ln','03/11/2001'),
 (10000068,'FABIO TEIXEIRA','290 Increase Avenue','04/11/2001'),
 (10000069,'AFONSO LIMA','1606 Shake Blvd','05/11/2001'),
 (10000070,'MIGUEL BAPTISTA','604 Vessel Blvd','06/11/2001'),
 (10000071,'JOAO FURTADO','751 Scarecrow Lane SE','07/11/2001'),
 (10000072,'JOSE BARBOSA','380 Tray Street W','08/11/2001'),
 (10000073,'GUSTAVO OLIVEIRA','2054 Branch Ave SW','09/11/2001'),
 (10000074,'NUNO QUEIROS','224 Camera Ave S','10/11/2001'),
 (10000075,'DIOGO RIBEIRO','6643 Play Boulevard S','11/11/2001'),
 (10000076,'MARIO LOURENCO','6580 Bread Ave W','12/11/2001'),
 (10000077,'ALEXANDRE MAGALHAES','469 Water Boulevard','13/11/2001'),
 (10000078,'CARLOS SANTOS','5723 Motion Boulevard','14/11/2001'),
 (10000079,'FRANCISCO FONTES','279 Shirt St SW','15/11/2001'),
 (10000080,'MIGUEL CARVALHO','726 Feet Street','16/11/2001'),
 (10000081,'FRANCISCO COELHO','9409 Crate Avenue NW','17/11/2001'),
 (10000082,'JOAO GOMES','1651 Debt Boulevard NW','18/11/2001'),
 (10000083,'PEDRO CRUZ','252 Table Ln','19/11/2001'),
 (10000084,'RUI BAPTISTA','743 Mother Street','20/11/2001'),
 (10000085,'RONALDO ALMEIDA','7652 Alarm Street','21/11/2001'),
 (10000086,'DANIEL VASCONCELOS','254 Beetle Boulevard','22/11/2001'),
 (10000087,'MANUEL LIMA','2627 Ear Ln','23/11/2001'),
 (10000088,'RAFAEL PEIXOTO','885 Chess Avenue','24/11/2001'),
 (10000089,'HANSER RODRIGUEZ','302 Oil Street SW','25/11/2001'),
 (10000090,'LUIS CUNHA','7000 Ocean Street N','26/11/2001'),
 (10000091,'LEONARDO SILVEIRA','968 Walnut Boulevard','27/11/2001'),
 (10000092,'JOSE PAULO SILVA','161 Sweater Ln SE','28/11/2001'),
 (10000093,'HUGO MANSO','352 Ground Street','29/11/2001'),
 (10000094,'TIAGO FERREIRA','1606 Faucet Boulevard W','30/11/2001'),
 (10000095,'TOMAS TELES','804 Lumber Street','01/12/2001'),
 (10000096,'JOSE COSTA','5814 Act Street S','02/12/2001'),
 (10000097,'PEDRO CASTRO','650 Club Boulevard','03/12/2001'),
 (10000098,'VINICIOS CARVALHO','1341 Head St S','04/12/2001'),
 (10000099,'ANDRE REI','6765 Cracker Avenue','05/12/2001'),
 (10000100,'TIAGO SILVA','1443 Ornament Ave N','06/12/2001'),
 (10000101,'CHRISTOPHER SELLES','5535 Club Avenue E','07/12/2001'),
 (10000102,'TOMAS FERREIRA','2715 Papaya Lane','08/12/2001'),
 (10000103,'GONCALO SOARES','670 Icicle St SW','09/12/2001'),
 (10000104,'BRUNO MOREIRA','32 Actor Ln S','10/12/2001'),
 (10000105,'TIAGO PEREIRA','484 Island Avenue','11/12/2001'),
 (10000106,'RUI BARRETO','255 Cabbage Boulevard','12/12/2001'),
 (10000107,'CARLOS SIQUEIRA','7646 Galley St','13/12/2001'),
 (1000108,'JOAO ALCANTARA','288 Committee Lane SE','14/12/2001'),
 (10000109,'UROS MARKOVIC','842 Son Blvd S','15/12/2001'),
 (10000110,'MIGUEL MOREIRA','494 Trip Ave','16/12/2001'),
 (10000111,'DIOGO MIRANDA','159 Jelly Ave','17/12/2001'),
 (10000112,'GONCALO NOGUEIRA','432 Crow Boulevard','18/12/2001'),
 (10000113,'ADELINO PESTANA','1909 Tooth Boulevard S','19/12/2001'),
 (10000114,'DIOGO DOMINGOS','146 Class Avenue','20/12/2001'),
 (10000115,'LUIS CABRAL','3520 Watermelon Ln E','21/12/2001'),
 (10000116,'JOAO SANTOS','282 Growth St NW','22/12/2001'),
 (10000117,'EDVALDO FERREIRA','576 Sugar Ave','23/12/2001'),
 (10000118,'NELSON PINA','7627 Theory Boulevard SE','24/12/2001'),
 (10000119,'TIAGO FERRO','846 Experience Lane SE','25/12/2001'),
 (10000120,'PEDRO SANTANA','568 Monkey Blvd E','26/12/2001'),
 (10000121,'LUCAS SANTANA','52 Offer Lane','27/12/2001'),
 (10000122,'DIOGO FREITAS','8322 Interest St N','28/12/2001'),
 (10000123,'VASCO SANTOS','3559 Seashore Boulevard','29/12/2001'),
 (10000124,'MARCOS RIBEIRO','7037 Jean Blvd SW','30/12/2001'),
 (10000125,'GONCALO MEIRELES','870 Cause Avenue SW','31/12/2001'),
 (10000126,'CARLOS MOREIRA','534 Church Ave E','01/01/2002'),
 (10000127,'JOAO SAAVEDRA','75 Cork Street E','02/01/2002'),
 (10000128,'JOAO SANTOS','71 Skate Blvd SE','03/01/2002'),
 (10000129,'ADMILSON FURTADO','989 Watch Lane','04/01/2002'),
 (10000130,'ANTONIO CAMPOS','550 Lock Street','05/01/2002'),
 (10000131,'DIOGO MARTINHO','7392 Beginner Ln','06/01/2002'),
 (10000132,'ANTONIO VENTURA','8656 Journey Ln E','07/01/2002'),
 (10000133,'TIAGO TEIXEIRA','434 Tray Ln N','08/01/2002'),
 (10000134,'MANUEL LIMA','1907 Nail Boulevard','09/01/2002'),
 (10000135,'DECLERCK SIBO','787 Mine Lane','10/01/2002'),
 (10000136,'ALEXANDRE MOURA','782 Bun St','11/01/2002'),
 (10000137,'DUARTE PEREIRA','8046 Crush Ave SW','12/01/2002'),
 (10000138,'RODRIGO ALCACER','330 Burn Ln SE','13/01/2002'),
 (10000139,'ARTUR PEREIRA','302 Band Avenue','14/01/2002'),
 (10000140,'RAFAEL PAULO','3195 Change Blvd','15/01/2002'),
 (10000141,'ALEXANDRE PEREIRA','558 Town Ln','16/01/2002'),
 (10000142,'PEDRO TONICHER','4361 Pipe Avenue','17/01/2002'),
 (10000143,'JOSE REBELO','9751 Impulse Ave E','18/01/2002'),
 (10000144,'JOAO MONIZ','234 Feather Blvd SE','19/01/2002'),
 (10000145,'VITOR TALMAZAN','9157 Route Boulevard E','20/01/2002'),
 (10000146,'GONCALO VALERIO','9813 Blade Street SE','21/01/2002'),
 (10000147,'JOAO GAMBOA','2457 Holiday Boulevard SW','22/01/2002'),
 (10000148,'NUNO ROQUE','1978 Plastic Avenue','23/01/2002'),
 (10000149,'FELISBERTO LANDIM','3499 Growth Avenue','24/01/2002'),
 (10000150,'JAN KLEINEIDAM','3447 Farm Ln','25/01/2002'),
 (10000151,'CLAUDIO PEDROSO','8561 Clam Ave','26/01/2002'),
 (10000152,'TOMAS SILVA','2543 Tank St NW','27/01/2002'),
 (10000153,'GABRIEL CONCEICAO','7786 Afternoon Ave','28/01/2002'),
 (10000154,'DINIS SANTOS','7260 Color Blvd','29/01/2002'),
 (10000155,'RODRIGO ESTEVES','4120 Seed Street','30/01/2002'),
 (10000156,'RAFAEL SANTOS','8062 Exchange Boulevard','31/01/2002'),
 (10000157,'LUIS CARVALHO','90 Fight Boulevard','01/02/2002'),
 (10000158,'BERNARDO PEGAS','7755 Line St SE','02/02/2002'),
 (10000159,'PEDRO PEREIRA','182 Collar Ln S','03/02/2002'),
 (10000160,'MANUEL BORGES','842 Agreement Street N','04/02/2002'),
 (10000161,'TIAGO ANTUNES','898 Zoo Avenue NE','05/02/2002'),
 (10000162,'RUI RODRIGUES','59 Punishment Ln','06/02/2002'),
 (10000163,'NUNO GRILO','6030 Theory St SW','07/02/2002'),
 (10000164,'PEDRO SALVADOR','648 Agreement Blvd','08/02/2002'),
 (10000165,'VASCO AREIAS','1488 Paper St E','09/02/2002'),
 (10000166,'HUGO ROSARIO','807 Avocado Avenue W','10/02/2002'),
 (10000167,'DIOGO FERREIRA','846 Powder Street E','11/02/2002'),
 (10000168,'ANDRE PINHO','9286 Camera Blvd','12/02/2002'),
 (10000169,'CIPRIAN POPOVICI','2190 Animal Ave','13/02/2002'),
 (10000170,'ODANIS ESPINOZA','8361 Hearing Ln','14/02/2002'),
 (10000171,'XAVIER BARBOSA','6607 Rainstorm Boulevard S','15/02/2002'),
 (10000172,'LOURENCO SANTOS','982 Elbow Ln','16/02/2002'),
 (10000173,'LUIS SILVA','2720 Olive Street NE','17/02/2002'),
 (10000174,'BERNARDO SOUSA','3221 Current Lane','18/02/2002'),
 (10000175,'BRUNO LIMA','136 Drug Avenue','19/02/2002'),
 (10000176,'BRUNO CASTRO','544 Chin Avenue NW','20/02/2002'),
 (10000177,'DANIEL VIEIRA','1776 Oil Avenue','21/02/2002'),
 (10000178,'ADONYS ABREU','570 Debt Avenue E','22/02/2002'),
 (10000179,'FABIO SILVA','819 Walnut Street','23/02/2002'),
 (10000180,'RUBEN SANTOS','9461 Wall St SE','24/02/2002'),
 (10000181,'PETRU MICHNEA','5828 Children Ave','25/02/2002'),
 (10000182,'MARCO DUARTE','359 Lettuce Blvd W','26/02/2002'),
 (10000183,'ABDOULA MODI','461 Voice Blvd NW','27/02/2002'),
 (10000184,'DAVID SOUSA','879 Peace Avenue W','28/02/2002'),
 (10000185,'LORES MANUEL','686 Sweater Avenue NW','01/03/2002'),
 (10000186,'RODRIGO GOMES','1559 Balance Ave NW','02/03/2002'),
 (10000187,'RUI OLIVEIRA','9067 Error Lane','03/03/2002'),
 (10000188,'MARIO SILVA','3563 Building Lane','04/03/2002'),
 (10000189,'JOSE MAGALHAES','1862 Arch St','05/03/2002'),
 (10000190,'HUGO COSTA','595 Fowl Street NE','06/03/2002'),
 (10000191,'PEDRO CASTRO','831 Bridge Boulevard N','07/03/2002'),
 (10000192,'CARLOS OLIVEIRA','4717 Walk Avenue','08/03/2002'),
 (10000193,'NUNO OLIVEIRA','2998 Page Boulevard NE','09/03/2002'),
 (10000194,'MIGUEL SALGADO','7044 Trouble Avenue SW','10/03/2002'),
 (10000195,'JOAO CARVALHO','8966 Connection St','11/03/2002'),
 (10000196,'GUSTAVO MARQUES','141 Desire Ln','12/03/2002'),
 (10000197,'HUGO SANTOS','5369 Trip Lane','13/03/2002'),
 (10000198,'FILIPE MONTEIRO','778 Quilt Lane N','14/03/2002'),
 (10000199,'HENRIQUE FIGUEIREDO','31 Celery Ln','15/03/2002'),
 (10000200,'PEDRO VIEIRA','6389 Society Street NW','16/03/2002'),
 (10000201,'MIGUEL NOVOA','992 Instrument Lane N','17/03/2002'),
 (10000202,'FERNANDO COSTA','5750 Throne Ave N','18/03/2002'),
 (10000203,'FRANCISCO SILVA','9092 Peace Avenue','19/03/2002'),
 (10000204,'MIGUEL SILVA','1943 Mitten Lane W','20/03/2002'),
 (10000205,'BRUNO COELHO','88 Wind Ave N','21/03/2002'),
 (10000206,'RODRIGO SAMAGAIO','506 Fairy Ln N','22/03/2002'),
 (10000207,'ALDRIN ANDRADE','769 Camp Ave','23/03/2002'),
 (10000208,'TIAGO MAGALHAES','6038 Burn Avenue','24/03/2002'),
 (10000209,'MIGUEL CORTINHAS','3700 Waste Blvd','25/03/2002'),
 (10000210,'MATHEUS MEDEIROS','133 Cabbage Lane','26/03/2002'),
 (10000211,'EDUARDO ALMEIDA','2805 Help Ave W','27/03/2002'),
 (00000212,'BENJAMIM JOAO','31 Place Lane N','28/03/2002'),
 (10000213,'KEVIN GARCIA','198 Addition Blvd S','29/03/2002'),
 (10000214,'JEFFERSON BASTOS','2287 Wood Avenue','30/03/2002'),
 (10000215,'EDUARDO MARTINS','1 Boy Avenue','31/03/2002'),
 (10000216,'RODRIGO FERREIRA','57 Neck Street','01/04/2002'),
 (10000217,'MIGUEL VIEIRA','1289 Afterthought St SE','02/04/2002'),
 (10000218,'ANTONIO SILVA','5966 Maid Avenue','03/04/2002'),
 (10000219,'RUBEN SOUSA','949 Seat Avenue S','04/04/2002'),
 (10000220,'DIOGO QUINTAS','243 Zipper Avenue N','05/04/2002'),
 (10000221,'DIOGO LIBERATO','3356 Science St NW','06/04/2002'),
 (10000222,'TIAGO ARROJADO','5501 Shame Street','07/04/2002'),
 (10000223,'JOAO EDRA','3596 Year Ln NW','08/04/2002'),
 (10000224,'MIGUEL POLONIA','799 Lip Ave E','09/04/2002'),
 (10000225,'RUBEN MARQUES','7723 Disease Boulevard','10/04/2002'),
 (10000226,'DIOGO CARNEIRO','582 Destruction Ln SW','11/04/2002'),
 (10000227,'RICARDO AVILA','9525 Coach Ln','12/04/2002'),
 (10000228,'JOAO ESTEVES','705 Measure Ave NE','13/04/2002'),
 (10000229,'BERNARDO FERREIRA','731 Scent Ln','14/04/2002'),
 (10000230,'ANTONIO APARICIO','5895 Shoe Boulevard N','15/04/2002'),
 (10000231,'DAVID BRAGA','3658 Territory St E','16/04/2002'),
 (10000232,'FRANCISCO MORGADO','3906 Flavor Ln','17/04/2002'),
 (10000233,'RAFAEL AZEVEDO','6847 Flag Boulevard','18/04/2002'),
 (10000234,'VASCO MARQUES','738 Rate Lane SE','19/04/2002'),
 (10000235,'RUI LEITE','9090 Meat Street','20/04/2002'),
 (10000236,'JOAO BARBOSA','5826 Walk St NE','21/04/2002'),
 (10000237,'TIAGO PEREIRA','594 Desire St E','22/04/2002'),
 (10000238,'JOSE VIEIRA','5760 Visitor Ln E','23/04/2002'),
 (10000239,'LUCAS SANTANA','845 Partner Street','12/01/1993'),
 (10000240,'JACKSON SOUZA','887 Story Ave','14/07/1995'),
 (10000241,'BERNARDO MORAIS','286 Box Blvd S','01/06/1995'),
 (10000242,'FRANCISCO SILVA','211 Crate Avenue','31/05/2001'),
 (10000243,'LEONARDO SILVEIRA','268 Hospital Avenue','02/09/1994'),
 (10000244,'NUNO QUEIROS','627 Holiday Street','24/07/1997'),
 (10000245,'GONCALO FERNANDES','6327 Cough Street','16/12/1999'),
 (10000246,'GUILHERME NOVO','9400 Mandarin Orange Blvd NW','30/07/1999'),
 (10000247,'FRANCISCO FONTES','8176 Agreement Boulevard','04/10/2002'),
 (10000248,'BRUNO CASTRO','753 Number Avenue E','14/04/1996'),
 (10000249,'MATHEUS PEREIRA','796 Frame Street','09/06/1997'),
 (10000250,'JEFFERSON BASTOS OB','310 Sink Lane','04/09/2001'),
 (10000251,'JOAO LIMA','8319 Steam Lane E','20/12/1991'),
 (10000252,'PEDRO SILVA','760 Amount Street','07/04/1996'),
 (10000253,'RICARDO PINHO','322 Cannon Street','23/07/1997'),
 (10000254,'CLERYSTON NOVAIS','180 Discovery Avenue','20/10/1998'),
 (10000255,'FRANCISCO RIBEIRO','393 Trade Street','05/06/1993'),
 (10000256,'RAUL ROQUE','333 Bike Boulevard','24/06/1990'),
 (10000257,'EDUARDO LEITE','9220 Wheel Boulevard N','12/03/2002'),
 (10000258,'CLAUDIO MOTA','350 Ink Ave NE','16/06/1990'),
 (10000259,'JOSE SANTOS','3795 Guitar Boulevard NW','19/05/1993'),
 (10000260,'FABIO MACEDO','990 Stitch Street NE','24/01/1993'),
 (10000261,'PAULO ABREU','678 Prison Lane','16/12/1991'),
 (10000262,'RAUL NUNES','7259 Fireman St SE','11/08/1999'),
 (10000263,'TOMAS PEREIRA','9968 Kiss Street','13/01/1995'),
 (10000264,'ANTONIO SALGADO','6711 Swim Street N','19/10/2000'),
 (10000265,'ALEXANDRE ROQUE','299 Maid Street SW','11/02/1993'),
 (10000266,'JOSE PINTO OB','175 Iron St','01/05/2001'),
 (10000267,'PEDRO CARVALHO','751 Watch Ave','25/04/1992'),
 (10000268,'NUNO PINHEIRO','2696 Flame Street','06/01/2000'),
 (10000269,'DIOGO SILVA','1421 Animal Boulevard E','26/07/2002'),
 (10000270,'DIOGO QUINTAS','7315 Reading St E','02/07/2000'),
 (10000271,'JOSE SILVA','2032 Grandmother Ln','29/01/1995'),
 (10000272,'ANTONIO SANTOS','164 Crow Avenue','24/04/1994'),
 (10000273,'DIOGO GOMES','6176 Bottle Street W','02/05/1993'),
 (10000274,'JOAO COUTINHO','150 Eggnog Avenue NE','15/12/1994');
INSERT INTO Clube (id_clube,nome,localidade,data_fundacao, id_campeonato) VALUES ('1','FC PORTO','Porto','19/07/1925','1'),
 ('2','SPORTING CP','Lisboa','07/11/1904', '1'),
 ('3','SL BENFICA','Lisboa','20/10/1940','1'),
 ('4','MARITIMO MADEIRA ANDEBOL','Funchal','29/07/1919','1'),
 ('5','AGUAS SANTAS MILANEZA','Aguas Santas','08/04/1985','1'),
 ('6','ABC BRAGA/UMINHO','Braga','02/01/1927','1'),
 ('7','CF OS BELENENSES','Belem','07/08/1917','1'),
 ('8','POVOA AC/BODEGAO/GRUPO CCR','Povoa de Varzim','21/07/1945','1'),
 ('9','VITORIA FC','Setubal','09/03/1931','1'),
 ('10','FC GAIA/EMPRIL','Gaia','29/07/1920','1'),
 ('11','AA AVANCA/BIORIA','Avanca','31/03/1943','1'),
 ('12','ADA MAIA/UNIVERSIDADE DA MAIA','Maia','07/04/1958','1'),
 ('13','ACADEMICO VISEU FC','Viseu','12/10/1940','1'),
 ('14','GC SANTO TIRSO/RETROTARGET','Santo Tirso','22/12/1905','1'),
 ('15','CD XICO ANDEBOL','Guimaraes','21/11/2003','1'),
 ('16','BOA HORA FC / INETUM','Lisboa','24/09/1967','1');
INSERT INTO Equipa (id_equipa,npontos,ngolos_marcados,ngolos_sofridos,id_clube) VALUES ('1',88,1071,754,'1'),
 ('2',85,1048,750,'2'),
 ('3',83,1024,764,'3'),
 ('4',70,884,886,'4'),
 ('5',64,814,773,'5'),
 ('6',62,829,811,'6'),
 ('7',61,814,840,'7'),
 ('8',61,878,921,'8'),
 ('9',58,846,867,'9'),
 ('10',56,824,845,'10'),
 ('11',54,795,823,'11'),
 ('12',53,822,886,'12'),
 ('13',47,762,891,'13'),
 ('14',45,729,881,'14'),
 ('15',38,738,974,'15'),
 ('16',35,735,947,'16');
INSERT INTO Golo (id_jogador,id_jogo,minuto) VALUES ('1','34',52),
 ('2','35',38),
 ('2','35',42),
 ('4','37',52),
 ('5','38',58),
 ('6','39',8),
 ('7','40',42),
 ('8','41',31),
 ('9','42',3),
 ('9','42',19),
 ('9','42',2),
 ('12','45',56),
 ('13','46',28),
 ('11','47',22),
 ('15','48',32),
 ('11','47',46),
 ('17','80',46),
 ('18','81',19),
 ('19','82',53),
 ('20','83',51),
 ('21','84',8),
 ('22','85',14),
 ('23','86',27),
 ('24','87',1),
 ('25','88',2),
 ('26','89',3),
 ('27','90',44),
 ('28','91',5),
 ('29','92',2),
 ('30','93',20),
 ('31','94',12),
 ('32','95',2),
 ('33','96',29),
 ('34','97',17),
 ('35','98',45),
 ('36','99',48),
 ('37','115',48),
 ('38','116',57),
 ('11','117',54),
 ('40','118',2),
 ('41','119',8),
 ('42','120',20),
 ('43','121',47),
 ('44','122',3),
 ('45','123',1),
 ('46','124',13),
 ('47','125',32),
 ('48','126',31),
 ('49','127',59),
 ('50','128',45);
INSERT INTO Jogador (id_jogador,numero,numero_bi,id_equipa) VALUES ('10000000',2,10000000,'1'),
 ('10000001',3,10000001,'1'),
 ('10000002',7,10000002,'1'),
 ('10000003',9,10000003,'1'),
 ('10000004',10,10000004,'1'),
 ('10000005',13,10000005,'1'),
 ('10000006',14,10000006,'1'),
 ('10000007',15,10000007,'1'),
 ('10000008',16,10000008,'1'),
 ('10000009',17,10000009,'1'),
 ('10000010',18,10000010,'1'),
 ('10000011',21,10000011,'1'),
 ('10000012',25,10000012,'1'),
 ('10000013',29,10000013,'1'),
 ('10000014',32,10000014,'1'),
 ('10000015',88,10000015,'1'),
 ('10000016',2,10000016,'2'),
 ('10000017',5,10000017,'2'),
 ('10000018',6,10000018,'2'),
 ('10000019',7,10000019,'2'),
 ('10000020',8,10000020,'2'),
 ('10000021',10,10000021,'2'),
 ('10000022',11,10000022,'2'),
 ('10000023',13,10000023,'2'),
 ('10000024',19,10000024,'2'),
 ('10000025',22,10000025,'2'),
 ('10000026',24,10000026,'2'),
 ('10000027',33,10000027,'2'),
 ('10000028',34,10000028,'2'),
 ('10000029',40,10000029,'2'),
 ('10000030',77,10000030,'2'),
 ('10000031',79,10000031,'2'),
 ('10000032',7,10000032,'3'),
 ('10000033',8,10000033,'3'),
 ('10000034',11,10000034,'3'),
 ('10000035',13,10000035,'3'),
 ('10000036',16,10000036,'3'),
 ('10000037',19,10000037,'3'),
 ('10000038',22,10000038,'3'),
 ('10000039',23,10000039,'3'),
 ('10000040',24,10000040,'3'),
 ('10000041',25,10000041,'3'),
 ('10000042',27,10000042,'3'),
 ('10000043',30,10000043,'3'),
 ('10000044',33,10000044,'3'),
 ('10000045',34,10000045,'3'),
 ('10000046',44,10000046,'3'),
 ('10000047',77,10000047,'3'),
 ('10000048',1,10000048,'4'),
 ('10000049',2,10000049,'4'),
 ('10000050',3,10000050,'4'),
 ('10000051',5,10000051,'4'),
 ('10000052',7,10000052,'4'),
 ('10000053',8,10000053,'4'),
 ('10000054',9,10000054,'4'),
 ('10000055',10,10000055,'4'),
 ('10000056',12,10000056,'4'),
 ('10000057',14,10000057,'4'),
 ('10000058',16,10000058,'4'),
 ('10000059',17,10000059,'4'),
 ('10000060',18,10000060,'4'),
 ('10000061',21,10000061,'4'),
 ('10000062',23,10000062,'4'),
 ('10000063',24,10000063,'4'),
 ('10000064',31,10000064,'4'),
 ('10000065',33,10000065,'4'),
 ('10000066',44,10000066,'4'),
 ('10000067',77,10000067,'4'),
 ('10000068',3,10000068,'5'),
 ('10000069',4,10000069,'5'),
 ('10000070',5,10000070,'5'),
 ('10000071',7,10000071,'5'),
 ('10000072',8,10000072,'5'),
 ('10000073',10,10000073,'5'),
 ('10000074',11,10000074,'5'),
 ('10000075',12,10000075,'5'),
 ('10000076',13,10000076,'5'),
 ('10000077',16,10000077,'5'),
 ('10000078',17,10000078,'5'),
 ('10000079',19,10000079,'5'),
 ('10000080',20,10000080,'5'),
 ('10000081',23,10000081,'5'),
 ('10000082',27,10000082,'5'),
 ('10000083',77,10000083,'5'),
 ('10000084',1,10000084,'6'),
 ('10000085',2,10000085,'6'),
 ('10000086',3,10000086,'6'),
 ('10000087',5,10000087,'6'),
 ('10000088',9,10000088,'6'),
 ('10000089',10,10000089,'6'),
 ('10000090',13,10000090,'6'),
 ('10000091',14,10000091,'6'),
 ('10000092',17,10000092,'6'),
 ('10000093',27,10000093,'6'),
 ('10000094',38,10000094,'6'),
 ('10000095',45,10000095,'6'),
 ('10000096',48,10000096,'6'),
 ('10000097',54,10000097,'6'),
 ('10000098',57,10000098,'6'),
 ('10000099',73,10000099,'6'),
 ('10000100',1,10000100,'7'),
 ('10000101',3,10000101,'7'),
 ('10000102',4,10000102,'7'),
 ('10000103',5,10000103,'7'),
 ('10000104',6,10000104,'7'),
 ('10000105',7,10000105,'7'),
 ('10000106',8,10000106,'7'),
 ('10000107',9,10000107,'7'),
 ('10000108',11,10000108,'7'),
 ('10000109',15,10000109,'7'),
 ('10000110',16,10000110,'7'),
 ('10000111',19,10000111,'7'),
 ('10000112',21,10000112,'7'),
 ('10000113',22,10000113,'7'),
 ('10000114',25,10000114,'7'),
 ('10000115',37,10000115,'7'),
 ('10000116',57,10000116,'7'),
 ('10000117',79,10000117,'7'),
 ('10000118',80,10000118,'7'),
 ('10000119',93,10000119,'7'),
 ('10000120',99,10000120,'7'),
 ('10000121',1,10000121,'8'),
 ('10000122',3,10000122,'8'),
 ('10000123',6,10000123,'8'),
 ('10000124',7,10000124,'8'),
 ('10000125',8,10000125,'8'),
 ('10000126',12,10000126,'8'),
 ('10000127',15,10000127,'8'),
 ('10000128',18,10000128,'8'),
 ('10000129',20,10000129,'8'),
 ('10000130',24,10000130,'8'),
 ('10000131',34,10000131,'8'),
 ('10000132',65,10000132,'8'),
 ('10000133',73,10000133,'8'),
 ('10000134',77,10000134,'8'),
 ('10000135',99,10000135,'8'),
 ('10000136',1,10000136,'9'),
 ('10000137',2,10000137,'9'),
 ('10000138',7,10000138,'9'),
 ('10000139',8,10000139,'9'),
 ('10000140',9,10000140,'9'),
 ('10000141',10,10000141,'9'),
 ('10000142',12,10000142,'9'),
 ('10000143',15,10000143,'9'),
 ('10000144',16,10000144,'9'),
 ('10000145',17,10000145,'9'),
 ('10000146',20,10000146,'9'),
 ('10000147',21,10000147,'9'),
 ('10000148',26,10000148,'9'),
 ('10000149',29,10000149,'9'),
 ('10000150',30,10000150,'9'),
 ('10000151',86,10000151,'9'),
 ('10000152',1,10000152,'10'),
 ('10000153',7,10000153,'10'),
 ('10000154',9,10000154,'10'),
 ('10000155',10,10000155,'10'),
 ('10000156',12,10000156,'10'),
 ('10000157',13,10000157,'10'),
 ('10000158',14,10000158,'10'),
 ('10000159',15,10000159,'10'),
 ('10000160',16,10000160,'10'),
 ('10000161',19,10000161,'10'),
 ('10000162',20,10000162,'10'),
 ('10000163',22,10000163,'10'),
 ('10000164',24,10000164,'10'),
 ('10000165',26,10000165,'10'),
 ('10000166',27,10000166,'10'),
 ('10000167',39,10000167,'10'),
 ('10000168',3,10000168,'11'),
 ('10000169',5,10000169,'11'),
 ('10000170',8,10000170,'11'),
 ('10000171',10,10000171,'11'),
 ('10000172',11,10000172,'11'),
 ('10000173',12,10000173,'11'),
 ('10000174',14,10000174,'11'),
 ('10000175',16,10000175,'11'),
 ('10000176',17,10000176,'11'),
 ('10000177',18,10000177,'11'),
 ('10000178',19,10000178,'11'),
 ('10000179',20,10000179,'11'),
 ('10000180',22,10000180,'11'),
 ('10000181',24,10000181,'11'),
 ('10000182',78,10000182,'11'),
 ('10000183',99,10000183,'11'),
 ('10000184',1,10000184,'12'),
 ('10000185',2,10000185,'12'),
 ('10000186',5,10000186,'12'),
 ('10000187',6,10000187,'12'),
 ('10000188',8,10000188,'12'),
 ('10000189',10,10000189,'12'),
 ('10000190',13,10000190,'12'),
 ('10000191',15,10000191,'12'),
 ('10000192',16,10000192,'12'),
 ('10000193',17,10000193,'12'),
 ('10000194',18,10000194,'12'),
 ('10000195',19,10000195,'12'),
 ('10000196',23,10000196,'12'),
 ('10000197',24,10000197,'12'),
 ('10000198',26,10000198,'12'),
 ('10000199',33,10000199,'12'),
 ('10000200',37,10000200,'12'),
 ('10000201',45,10000201,'12'),
 ('10000202',51,10000202,'12'),
 ('10000203',55,10000203,'12'),
 ('10000204',88,10000204,'12'),
 ('10000205',92,10000205,'12'),
 ('10000206',98,10000206,'12'),
 ('10000207',8,10000207,'13'),
 ('10000208',9,10000208,'13'),
 ('10000209',10,10000209,'13'),
 ('10000210',19,10000210,'13'),
 ('10000211',23,10000211,'13'),
 ('10000212',28,10000212,'13'),
 ('10000213',29,10000213,'13'),
 ('10000214',31,10000214,'13'),
 ('10000215',32,10000215,'13'),
 ('10000216',33,10000216,'13'),
 ('10000217',38,10000217,'13'),
 ('10000218',39,10000218,'13'),
 ('10000219',50,10000219,'13'),
 ('10000220',77,10000220,'13'),
 ('10000221',82,10000221,'13'),
 ('10000222',88,10000222,'13'),
 ('10000223',1,10000223,'14'),
 ('10000224',3,10000224,'14'),
 ('10000225',7,10000225,'14'),
 ('10000226',8,10000226,'14'),
 ('10000227',13,10000227,'14'),
 ('10000228',16,10000228,'14'),
 ('10000229',18,10000229,'14'),
 ('10000230',22,10000230,'14'),
 ('10000231',28,10000231,'14'),
 ('10000232',30,10000232,'14'),
 ('10000233',32,10000233,'14'),
 ('10000234',33,10000234,'14'),
 ('10000235',42,10000235,'14'),
 ('10000236',80,10000236,'14'),
 ('10000237',97,10000237,'14'),
 ('10000238',99,10000238,'14'),
 ('10000239',1,10000239,'15'),
 ('10000240',2,10000240,'15'),
 ('10000241',4,10000241,'15'),
 ('10000242',5,10000242,'15'),
 ('10000243',9,10000243,'15'),
 ('10000244',11,10000244,'15'),
 ('10000245',12,10000245,'15'),
 ('10000246',13,10000246,'15'),
 ('10000247',16,10000247,'15'),
 ('10000248',17,10000248,'15'),
 ('10000249',18,10000249,'15'),
 ('10000250',31,10000250,'15'),
 ('10000251',37,10000251,'15'),
 ('10000252',44,10000252,'15'),
 ('10000253',77,10000253,'15'),
 ('10000254',80,10000254,'15'),
 ('10000255',2,10000255,'16'),
 ('10000256',4,10000256,'16'),
 ('10000257',5,10000257,'16'),
 ('10000258',7,10000258,'16'),
 ('10000259',11,10000259,'16'),
 ('10000260',12,10000260,'16'),
 ('10000261',14,10000261,'16'),
 ('10000262',16,10000262,'16'),
 ('10000263',17,10000263,'16'),
 ('10000264',18,10000264,'16'),
 ('10000265',20,10000265,'16'),
 ('10000266',23,10000266,'16'),
 ('10000267',24,10000267,'16'),
 ('10000268',28,10000268,'16'),
 ('10000269',41,10000269,'16'),
 ('10000270',77,10000270,'16');
INSERT INTO Jogo (id_jogo,ngolos_equipa1,ngolos_equipa2,data,local,id_jornada,id_equipa_arbitragem) VALUES ('1',31,27,'08/01/2022','Porto','1','2'),
 ('2',37,32,'13/09/2021','Lisboa','2','2'),
 ('3',29,50,'24/11/2021','Lisboa','3','3'),
 ('4',41,32,'28/04/2022','Funchal','4','3'),
 ('5',45,34,'19/03/2022','Aguas Santas','5','4'),
 ('6',47,30,'15/11/2021','Braga','6','4'),
 ('7',36,34,'28/01/2022','Belem','7','1'),
 ('8',22,34,'11/02/2022','Povoa de Varzim','8','4'),
 ('9',30,48,'15/12/2021','Setubal','9','4'),
 ('10',32,39,'03/09/2021','Gaia','10','4'),
 ('11',25,43,'20/05/2022','Avanca','11','3'),
 ('12',41,47,'04/03/2022','Maia','12','2'),
 ('13',38,41,'17/05/2022','Viseu','13','2'),
 ('14',44,50,'14/02/2022','Santo Tirso','14','2'),
 ('15',27,30,'27/01/2022','Guimaraes','15','3'),
 ('16',38,33,'13/10/2021','Lisboa','16','3'),
 ('17',28,21,'19/10/2021','Porto','17','1'),
 ('18',43,22,'07/11/2021','Lisboa','18','4'),
 ('19',21,30,'01/06/2022','Lisboa','19','1'),
 ('20',36,24,'09/02/2022','Funchal','20','2'),
 ('21',43,20,'17/09/2021','Aguas Santas','21','1'),
 ('22',34,29,'18/05/2022','Braga','22','3'),
 ('23',26,45,'31/01/2022','Belem','23','2'),
 ('24',27,20,'08/09/2021','Povoa de Varzim','24','3'),
 ('25',21,22,'20/09/2021','Setubal','25','2'),
 ('26',25,29,'21/11/2021','Gaia','26','1'),
 ('27',23,24,'01/05/2022','Avanca','27','2'),
 ('28',40,20,'19/03/2022','Maia','28','4'),
 ('29',43,20,'08/05/2022','Viseu','29','2'),
 ('30',22,40,'05/03/2022','Santo Tirso','30','1'),
 ('31',26,30,'05/10/2021','Guimaraes','1','2'),
 ('32',35,22,'13/02/2022','Lisboa','2','4'),
 ('33',40,27,'22/10/2021','Porto','3','3'),
 ('34',32,29,'29/09/2021','Lisboa','4','2'),
 ('35',28,25,'22/04/2022','Lisboa','5','1'),
 ('36',47,38,'12/12/2021','Funchal','6','4'),
 ('37',25,48,'25/03/2022','Aguas Santas','7','2'),
 ('38',33,28,'17/03/2022','Braga','8','4'),
 ('39',22,41,'05/09/2021','Belem','9','4'),
 ('40',35,30,'01/10/2021','Povoa de Varzim','10','2'),
 ('41',25,44,'05/09/2021','Setubal','11','2'),
 ('42',41,42,'11/04/2022','Gaia','12','1'),
 ('43',42,43,'26/05/2022','Avanca','13','2'),
 ('44',22,37,'31/12/2021','Maia','14','1'),
 ('45',46,25,'15/04/2022','Viseu','15','3'),
 ('46',37,45,'26/04/2022','Santo Tirso','16','3'),
 ('47',38,25,'24/03/2022','Guimaraes','17','2'),
 ('48',33,47,'07/02/2022','Lisboa','18','2'),
 ('49',33,20,'10/03/2022','Porto','19','3'),
 ('50',26,50,'14/10/2021','Lisboa','20','1'),
 ('51',31,23,'24/11/2021','Lisboa','21','1'),
 ('52',21,48,'16/05/2022','Funchal','22','2'),
 ('53',23,35,'27/11/2021','Aguas Santas','23','1'),
 ('54',28,44,'13/11/2021','Braga','24','2'),
 ('55',27,36,'08/03/2022','Belem','25','2'),
 ('56',22,48,'26/12/2021','Povoa de Varzim','26','1'),
 ('57',31,41,'30/09/2021','Setubal','27','1'),
 ('58',29,42,'04/11/2021','Gaia','28','4'),
 ('59',38,21,'05/02/2022','Avanca','29','1'),
 ('60',40,22,'10/05/2022','Maia','30','1'),
 ('61',43,36,'21/02/2022','Viseu','1','3'),
 ('62',41,39,'14/01/2022','Santo Tirso','2','4'),
 ('63',41,37,'09/01/2022','Guimaraes','3','3'),
 ('64',43,32,'21/04/2022','Lisboa','4','3'),
 ('65',23,34,'10/04/2022','Porto','5','2'),
 ('66',31,30,'23/09/2021','Lisboa','6','4'),
 ('67',22,48,'05/01/2022','Lisboa','7','2'),
 ('68',22,27,'18/03/2022','Funchal','8','3'),
 ('69',20,29,'10/04/2022','Aguas Santas','9','3'),
 ('70',43,45,'14/11/2021','Braga','10','1'),
 ('71',34,47,'13/04/2022','Belem','11','2'),
 ('72',34,31,'25/12/2021','Povoa de Varzim','12','1'),
 ('73',28,23,'23/01/2022','Setubal','13','2'),
 ('74',40,24,'30/01/2022','Gaia','14','1'),
 ('75',26,31,'09/12/2021','Avanca','15','1'),
 ('76',31,40,'19/11/2021','Maia','16','1'),
 ('77',27,46,'05/05/2022','Viseu','17','4'),
 ('78',33,33,'18/02/2022','Santo Tirso','18','2'),
 ('79',43,39,'19/03/2022','Guimaraes','19','4'),
 ('80',35,37,'02/04/2022','Lisboa','20','1'),
 ('81',29,37,'13/03/2022','Porto','21','4'),
 ('82',41,40,'20/12/2021','Lisboa','22','3'),
 ('83',33,32,'18/02/2022','Lisboa','23','1'),
 ('84',30,30,'10/09/2021','Funchal','24','3'),
 ('85',33,41,'17/04/2022','Aguas Santas','25','4'),
 ('86',37,36,'01/02/2022','Braga','26','2'),
 ('87',22,48,'27/02/2022','Belem','27','1'),
 ('88',46,50,'18/01/2022','Povoa de Varzim','28','2'),
 ('89',26,48,'24/11/2021','Setubal','29','4'),
 ('90',42,30,'22/02/2022','Gaia','30','3'),
 ('91',23,41,'01/12/2021','Avanca','1','4'),
 ('92',38,40,'08/02/2022','Maia','2','4'),
 ('93',31,46,'04/01/2022','Viseu','3','2'),
 ('94',36,47,'01/03/2022','Santo Tirso','4','1'),
 ('95',33,26,'16/12/2021','Guimaraes','5','2'),
 ('96',47,49,'02/03/2022','Lisboa','6','3'),
 ('97',31,40,'10/04/2022','Porto','7','1'),
 ('98',47,32,'27/05/2022','Lisboa','8','2'),
 ('99',26,48,'18/03/2022','Lisboa','9','4'),
 ('100',33,50,'04/05/2022','Funchal','10','2'),
 ('101',40,32,'26/04/2022','Aguas Santas','11','1'),
 ('102',38,22,'13/10/2021','Braga','12','4'),
 ('103',39,28,'14/02/2022','Belem','13','4'),
 ('104',38,46,'31/03/2022','Povoa de Varzim','14','1'),
 ('105',41,36,'17/11/2021','Setubal','15','4'),
 ('106',33,32,'06/09/2021','Gaia','16','3'),
 ('107',40,46,'30/09/2021','Avanca','17','3'),
 ('108',31,23,'17/01/2022','Maia','18','2'),
 ('109',38,34,'23/03/2022','Viseu','19','4'),
 ('110',30,40,'23/03/2022','Santo Tirso','20','2'),
 ('111',47,44,'07/11/2021','Guimaraes','21','3'),
 ('112',26,30,'07/05/2022','Lisboa','22','1'),
 ('113',41,49,'07/09/2021','Porto','23','2'),
 ('114',42,32,'11/10/2021','Lisboa','24','4'),
 ('115',38,31,'22/01/2022','Lisboa','25','3'),
 ('116',27,39,'31/01/2022','Funchal','26','3'),
 ('117',20,34,'10/12/2021','Aguas Santas','27','3'),
 ('118',20,31,'06/11/2021','Braga','28','3'),
 ('119',25,46,'30/09/2021','Belem','29','1'),
 ('120',47,22,'07/04/2022','Povoa de Varzim','30','4'),
 ('121',41,38,'11/05/2022','Setubal','1','1'),
 ('122',23,24,'25/03/2022','Gaia','2','3'),
 ('123',27,37,'10/01/2022','Avanca','3','4'),
 ('124',34,36,'24/05/2022','Maia','4','4'),
 ('125',31,30,'30/09/2021','Viseu','5','1'),
 ('126',43,48,'12/10/2021','Santo Tirso','6','3'),
 ('127',25,30,'28/05/2022','Guimaraes','7','2'),
 ('128',30,47,'18/02/2022','Lisboa','8','2'),
 ('129',45,24,'12/02/2022','Porto','9','1'),
 ('130',44,35,'22/11/2021','Lisboa','10','3'),
 ('131',25,37,'04/05/2022','Lisboa','11','3'),
 ('132',40,21,'25/03/2022','Funchal','12','3'),
 ('133',33,49,'13/12/2021','Aguas Santas','13','3'),
 ('134',24,45,'22/03/2022','Braga','14','3'),
 ('135',30,45,'22/12/2021','Belem','15','2'),
 ('136',37,46,'13/11/2021','Povoa de Varzim','16','1'),
 ('137',31,30,'11/04/2022','Setubal','17','2'),
 ('138',26,43,'02/02/2022','Gaia','18','2'),
 ('139',41,39,'19/09/2021','Avanca','19','2'),
 ('140',32,31,'08/11/2021','Maia','20','4'),
 ('141',41,25,'20/02/2022','Viseu','21','3'),
 ('142',25,28,'03/02/2022','Santo Tirso','22','4'),
 ('143',20,33,'22/10/2021','Guimaraes','23','3'),
 ('144',28,47,'05/10/2021','Lisboa','24','4'),
 ('145',25,34,'19/09/2021','Porto','25','2'),
 ('146',30,45,'12/01/2022','Lisboa','26','2'),
 ('147',23,50,'04/01/2022','Lisboa','27','1'),
 ('148',38,38,'15/09/2021','Funchal','28','1'),
 ('149',26,28,'03/05/2022','Aguas Santas','29','2'),
 ('150',43,23,'23/02/2022','Braga','30','1'),
 ('151',32,39,'03/12/2021','Belem','1','2'),
 ('152',35,50,'02/03/2022','Povoa de Varzim','2','3'),
 ('153',23,20,'09/01/2022','Setubal','3','2'),
 ('154',37,43,'17/01/2022','Gaia','4','2'),
 ('155',46,28,'11/05/2022','Avanca','5','1'),
 ('156',47,36,'12/10/2021','Maia','6','3'),
 ('157',43,27,'28/02/2022','Viseu','7','2'),
 ('158',22,20,'23/09/2021','Santo Tirso','8','4'),
 ('159',20,32,'15/05/2022','Guimaraes','9','3'),
 ('160',37,31,'08/04/2022','Lisboa','10','2'),
 ('161',28,50,'14/02/2022','Porto','11','2'),
 ('162',35,45,'25/10/2021','Lisboa','12','2'),
 ('163',30,47,'04/11/2021','Lisboa','13','3'),
 ('164',30,49,'04/12/2021','Funchal','14','3'),
 ('165',22,20,'18/12/2021','Aguas Santas','15','3'),
 ('166',31,29,'13/01/2022','Braga','16','2'),
 ('167',20,41,'06/11/2021','Belem','17','3'),
 ('168',44,27,'18/04/2022','Povoa de Varzim','18','2'),
 ('169',33,38,'21/01/2022','Setubal','19','1'),
 ('170',33,20,'27/04/2022','Gaia','20','2'),
 ('171',32,25,'24/10/2021','Avanca','21','4'),
 ('172',43,28,'18/10/2021','Maia','22','1'),
 ('173',27,29,'26/05/2022','Viseu','23','1'),
 ('174',43,35,'20/12/2021','Santo Tirso','24','4'),
 ('175',44,27,'14/01/2022','Guimaraes','25','3'),
 ('176',35,29,'21/02/2022','Lisboa','26','2'),
 ('177',24,23,'28/10/2021','Porto','27','2'),
 ('178',33,34,'04/09/2021','Lisboa','28','4'),
 ('179',30,49,'05/10/2021','Lisboa','29','2'),
 ('180',39,42,'23/01/2022','Funchal','30','4'),
 ('181',24,50,'17/01/2022','Aguas Santas','1','3'),
 ('182',31,37,'15/05/2022','Braga','2','1'),
 ('183',27,33,'10/04/2022','Belem','3','3'),
 ('184',20,28,'26/11/2021','Povoa de Varzim','4','2'),
 ('185',36,37,'04/02/2022','Setubal','5','2'),
 ('186',28,41,'10/10/2021','Gaia','6','1'),
 ('187',44,33,'25/09/2021','Avanca','7','3'),
 ('188',46,50,'12/09/2021','Maia','8','2'),
 ('189',40,27,'22/11/2021','Viseu','9','4'),
 ('190',46,48,'07/03/2022','Santo Tirso','10','4'),
 ('191',47,44,'28/02/2022','Guimaraes','11','3'),
 ('192',33,48,'16/09/2021','Lisboa','12','1'),
 ('193',38,34,'06/09/2021','Porto','13','3'),
 ('194',40,39,'18/04/2022','Lisboa','14','3'),
 ('195',21,21,'30/04/2022','Lisboa','15','2'),
 ('196',26,49,'20/09/2021','Funchal','16','4'),
 ('197',21,50,'08/01/2022','Aguas Santas','17','1'),
 ('198',42,21,'25/11/2021','Braga','18','1'),
 ('199',44,49,'12/03/2022','Belem','19','3'),
 ('200',27,24,'07/02/2022','Povoa de Varzim','20','2'),
 ('201',37,39,'05/11/2021','Setubal','21','1'),
 ('202',34,35,'21/11/2021','Gaia','22','1'),
 ('203',47,47,'25/10/2021','Avanca','23','1'),
 ('204',42,29,'24/11/2021','Maia','24','2'),
 ('205',47,43,'03/02/2022','Viseu','25','4'),
 ('206',29,23,'16/11/2021','Santo Tirso','26','1'),
 ('207',27,46,'08/01/2022','Guimaraes','27','2'),
 ('208',43,24,'25/05/2022','Lisboa','28','1'),
 ('209',32,28,'19/11/2021','Porto','29','4'),
 ('210',33,26,'09/05/2022','Lisboa','30','2'),
 ('211',27,39,'04/09/2021','Lisboa','1','3'),
 ('212',44,32,'04/01/2022','Funchal','2','4'),
 ('213',40,43,'10/09/2021','Aguas Santas','3','3'),
 ('214',37,28,'24/05/2022','Braga','4','2'),
 ('215',37,21,'19/05/2022','Belem','5','4'),
 ('216',42,25,'17/09/2021','Povoa de Varzim','6','1'),
 ('217',26,45,'03/10/2021','Setubal','7','1'),
 ('218',34,46,'08/01/2022','Gaia','8','1'),
 ('219',45,31,'07/01/2022','Avanca','9','4'),
 ('220',20,29,'11/01/2022','Maia','10','1'),
 ('221',26,31,'10/11/2021','Viseu','11','4'),
 ('222',35,23,'18/12/2021','Santo Tirso','12','1'),
 ('223',32,21,'08/09/2021','Guimaraes','13','2'),
 ('224',39,35,'09/11/2021','Lisboa','14','3'),
 ('225',36,24,'01/10/2021','Porto','15','1'),
 ('226',31,34,'09/10/2021','Lisboa','16','2'),
 ('227',22,50,'19/01/2022','Lisboa','17','2'),
 ('228',34,37,'20/04/2022','Funchal','18','1'),
 ('229',42,36,'16/05/2022','Aguas Santas','19','1'),
 ('230',26,48,'15/11/2021','Braga','20','1'),
 ('231',40,33,'10/03/2022','Belem','21','4'),
 ('232',20,26,'24/09/2021','Povoa de Varzim','22','1'),
 ('233',28,22,'10/04/2022','Setubal','23','1'),
 ('234',45,41,'06/05/2022','Gaia','24','3'),
 ('235',43,24,'29/12/2021','Avanca','25','4'),
 ('236',37,42,'07/01/2022','Maia','26','4'),
 ('237',34,43,'06/05/2022','Viseu','27','3'),
 ('238',36,26,'14/01/2022','Santo Tirso','28','1'),
 ('239',43,30,'30/04/2022','Guimaraes','29','1'),
 ('240',40,47,'30/03/2022','Lisboa','30','1'),
 ('241',41,25,'16/10/2021','Porto','1','2'),
 ('242',21,20,'24/09/2021','Lisboa','2','4'),
 ('243',23,21,'19/02/2022','Lisboa','3','1'),
 ('244',28,40,'20/12/2021','Funchal','4','3'),
 ('245',32,43,'26/01/2022','Aguas Santas','5','1'),
 ('246',22,47,'13/03/2022','Braga','6','3');
INSERT INTO Jornada (id_jornada,numero,data_inicial,data_final,id_campeonato) VALUES ('1',1,'02/01/1900','27/12/2021','1'),
 ('2',2,'13/12/2021','02/04/2022','1'),
 ('3',3,'18/05/2022','22/12/2021','1'),
 ('4',4,'02/11/2021','18/01/2022','1'),
 ('5',5,'15/12/2021','06/11/2021','1'),
 ('6',6,'05/05/2022','24/02/2022','1'),
 ('7',7,'13/12/2021','30/03/2022','1'),
 ('8',8,'30/10/2021','24/11/2021','1'),
 ('9',9,'26/09/2021','30/12/2021','1'),
 ('10',10,'20/09/2021','28/05/2022','1'),
 ('11',11,'17/03/2022','16/09/2021','1'),
 ('12',12,'01/09/2021','22/04/2022','1'),
 ('13',13,'09/11/2021','20/10/2021','1'),
 ('14',14,'23/09/2021','04/04/2022','1'),
 ('15',15,'18/01/2022','11/12/2021','1'),
 ('16',16,'04/11/2021','16/03/2022','1'),
 ('17',17,'12/02/2022','26/02/2022','1'),
 ('18',18,'01/04/2022','08/02/2022','1'),
 ('19',19,'20/05/2022','14/05/2022','1'),
 ('20',20,'30/03/2022','14/10/2021','1'),
 ('21',21,'23/05/2022','30/01/2022','1'),
 ('22',22,'07/05/2022','03/09/2021','1'),
 ('23',23,'30/03/2022','27/05/2022','1'),
 ('24',24,'06/09/2021','06/01/2022','1'),
 ('25',25,'31/03/2022','30/12/2021','1'),
 ('26',26,'12/02/2022','16/05/2022','1'),
 ('27',27,'09/12/2021','14/03/2022','1'),
 ('28',28,'14/10/2021','23/04/2022','1'),
 ('29',29,'12/09/2021','25/10/2021','1'),
 ('30',30,'20/11/2021','31/03/2022','1');
INSERT INTO Resultado (id_equipa,id_jogo,resultado,visitante_visitada) VALUES ('1','2',2,0),
 ('2','3',3,1),
 ('3','4',3,0),
 ('4','5',1,0),
 ('5','6',1,0),
 ('6','7',2,0),
 ('7','8',1,0),
 ('8','9',2,0),
 ('9','10',2,1),
 ('10','11',3,1),
 ('11','12',3,1),
 ('12','13',3,1),
 ('13','14',1,0),
 ('14','15',2,0),
 ('15','16',3,0),
 ('16','17',2,0),
 ('1','18',2,0),
 ('2','19',3,1),
 ('3','20',3,0),
 ('4','21',1,0),
 ('5','22',1,0),
 ('6','23',1,0),
 ('7','24',1,0),
 ('8','25',2,0),
 ('9','26',1,1),
 ('10','27',1,1),
 ('11','28',1,0),
 ('12','29',1,0),
 ('13','30',2,0),
 ('14','31',1,0),
 ('15','32',1,1),
 ('16','33',2,1),
 ('1','34',2,1),
 ('2','35',2,0),
 ('3','36',1,0),
 ('4','37',3,0),
 ('5','38',1,1),
 ('6','39',1,1),
 ('7','40',1,1),
 ('8','41',1,0),
 ('9','42',1,1),
 ('10','43',1,1),
 ('11','44',2,1),
 ('12','45',2,1),
 ('13','46',2,0),
 ('14','47',3,0),
 ('15','48',3,0),
 ('16','49',1,1),
 ('1','50',2,0),
 ('2','51',3,1),
 ('3','52',1,0),
 ('4','53',3,1),
 ('5','54',2,1),
 ('6','55',2,0),
 ('7','56',2,0),
 ('8','57',2,0),
 ('9','58',1,0),
 ('10','59',2,0),
 ('11','60',1,1),
 ('12','61',1,0),
 ('13','62',2,1),
 ('14','63',3,0),
 ('15','64',3,0),
 ('16','65',1,0),
 ('1','66',3,0),
 ('2','67',2,1),
 ('3','68',2,0),
 ('4','69',2,0),
 ('5','70',2,1),
 ('6','71',1,0),
 ('7','72',3,1),
 ('8','73',1,1),
 ('9','74',3,0),
 ('10','75',3,1),
 ('11','76',3,1),
 ('12','77',3,1),
 ('13','78',3,0),
 ('14','79',2,1),
 ('15','80',1,0),
 ('16','81',1,1),
 ('1','82',2,0),
 ('2','83',3,0),
 ('3','84',3,1),
 ('4','85',2,1),
 ('5','86',2,1),
 ('6','87',1,1),
 ('7','88',3,0),
 ('8','89',2,0),
 ('9','90',2,0),
 ('10','91',3,1),
 ('11','92',3,0),
 ('12','93',3,0),
 ('13','94',1,1),
 ('14','95',2,0),
 ('15','96',1,0),
 ('16','97',1,1),
 ('1','98',2,1),
 ('2','99',3,0),
 ('3','100',1,1),
 ('4','101',2,1),
 ('5','102',2,1),
 ('6','103',3,1),
 ('7','104',3,1),
 ('8','105',3,1),
 ('9','106',2,0),
 ('10','107',3,1),
 ('11','108',1,1),
 ('12','109',1,1),
 ('13','110',1,0),
 ('14','111',1,1),
 ('15','112',1,1),
 ('16','113',1,1),
 ('1','114',3,1),
 ('2','115',2,0),
 ('3','116',1,0),
 ('4','117',2,1),
 ('5','118',3,1),
 ('6','119',3,1),
 ('7','120',3,0),
 ('8','121',2,0),
 ('9','122',3,1),
 ('10','123',1,0),
 ('11','124',3,1),
 ('12','125',2,0),
 ('13','126',1,0),
 ('14','127',1,0),
 ('15','128',1,1),
 ('16','129',2,0),
 ('1','130',3,1),
 ('2','131',1,1),
 ('3','132',3,0),
 ('4','133',1,0),
 ('5','134',3,1),
 ('6','135',3,0),
 ('7','136',3,0),
 ('8','137',3,1),
 ('9','138',3,0),
 ('10','139',1,0),
 ('11','140',1,1),
 ('12','141',2,1),
 ('13','142',1,1),
 ('14','143',1,0),
 ('15','144',3,0),
 ('16','145',1,0),
 ('1','146',2,0),
 ('2','147',3,1),
 ('3','148',3,0),
 ('4','149',2,0),
 ('5','150',1,1),
 ('6','151',1,0),
 ('7','152',2,1),
 ('8','153',2,0),
 ('9','154',3,1),
 ('10','155',1,1),
 ('11','156',1,0),
 ('12','157',3,1),
 ('13','158',3,1),
 ('14','159',3,1),
 ('15','160',3,1),
 ('16','161',3,0),
 ('1','162',2,0),
 ('2','163',2,1),
 ('3','164',1,1),
 ('4','165',3,0),
 ('5','166',1,0),
 ('6','167',1,0),
 ('7','168',3,0),
 ('8','169',1,0),
 ('9','170',2,1),
 ('10','171',1,0),
 ('11','172',3,1),
 ('12','173',3,1),
 ('13','174',2,1),
 ('14','175',3,1),
 ('15','176',3,0),
 ('16','177',1,0),
 ('1','178',2,0),
 ('2','179',3,1),
 ('3','180',2,1),
 ('4','181',2,1),
 ('5','182',1,0),
 ('6','183',3,0),
 ('7','184',3,0),
 ('8','185',3,0),
 ('9','186',3,1),
 ('10','187',2,1),
 ('11','188',3,0),
 ('12','189',2,1),
 ('13','190',3,0),
 ('14','191',2,0),
 ('15','192',3,0),
 ('16','193',2,1),
 ('1','194',3,1),
 ('2','195',3,1),
 ('3','196',3,1),
 ('4','197',3,1),
 ('5','198',3,0),
 ('6','199',1,0),
 ('7','200',3,1),
 ('8','201',2,1),
 ('9','202',1,0),
 ('10','203',2,0),
 ('11','204',2,0),
 ('12','205',3,0),
 ('13','206',2,0),
 ('14','207',3,1),
 ('15','208',2,1),
 ('16','209',2,1),
 ('1','210',2,1),
 ('2','211',2,0),
 ('3','212',1,0),
 ('4','213',2,0),
 ('5','214',3,1),
 ('6','215',3,1),
 ('7','216',2,1),
 ('8','217',1,0),
 ('9','218',2,1),
 ('10','219',1,0),
 ('11','220',3,0),
 ('12','221',2,0),
 ('13','222',3,1),
 ('14','223',1,1),
 ('15','224',1,0),
 ('16','225',1,0),
 ('1','226',3,0),
 ('2','227',3,0),
 ('3','228',3,1),
 ('4','229',3,1),
 ('5','230',2,0),
 ('6','231',2,1),
 ('7','232',2,1),
 ('8','233',3,0),
 ('9','234',1,1),
 ('10','235',1,0),
 ('11','236',1,0),
 ('12','237',2,1),
 ('13','238',2,1),
 ('14','239',3,1),
 ('15','240',1,1),
 ('16','241',1,0),
 ('1','242',1,0),
 ('2','243',3,0),
 ('3','244',3,1),
 ('4','245',2,0),
 ('5','246',1,0),
 ('6','1',2,1);
INSERT INTO campeonatoClube (id_campeonato,id_clube) VALUES ('1','1'),
 ('1','2'),
 ('1','3'),
 ('1','4'),
 ('1','5'),
 ('1','6'),
 ('1','7'),
 ('1','8'),
 ('1','9'),
 ('1','10'),
 ('1','11'),
 ('1','12'),
 ('1','13'),
 ('1','14'),
 ('1','15'),
 ('1','16');
INSERT INTO equipaCampeonato (id_equipa,id_campeonato) VALUES ('1','1'),
 ('2','1'),
 ('3','1'),
 ('4','1'),
 ('5','1'),
 ('6','1'),
 ('7','1'),
 ('8','1'),
 ('9','1'),
 ('10','1'),
 ('11','1'),
 ('12','1'),
 ('13','1'),
 ('14','1'),
 ('15','1'),
 ('16','1');

 COMMIT;